[
    {
        "v1.000": 
        [
            {
                "name": "导航栏",
                "class": "NavBar",
                "bug": "黑色半透明背景下boxshaodw显得模糊",
                "state": "resolved"
            },
            {
                "name": "轮播框",
                "class": "SlideFrame",
                "bug": "无法点击滚动，两侧滚动条过窄，自动滚动与手动选择抢饭吃",
                "state": "resolved"
            },
            {
                "name": "选项栏",
                "class": "OptionBar",
                "bug": "OptionBar字体设置影响所有子代元素",
                "state": "unresolved"
            },
            {
                "name": "文件预览",
                "class": "FilePreview",
                "bug": "Item没有boxshaow，看起来不舒服",
                "state": "resolved"
            },
            {
                "name": "列表",
                "class": "List",
                "bug": "没有下拉出现子元素样式",
                "state": "resolved"
            }
        ],
        "v1.100": 
        [
            {
                "name": "所有使用JS控制大小的元素",
                "class": "All",
                "bug": "无法使用百分比控制大小",
                "state": "resolved"
            },
            {
                "name": "导航栏",
                "class": "NavBar",
                "bug": "dom结构不够清晰，没有实现响应式",
                "state": "resolved"
            },
            {
                "name": "导航栏",
                "class": "NavBar",
                "bug": "阴影过厚",
                "state": "resolved"
            },
            {
                "name": "列表",
                "class": "List",
                "bug": "a标签有下划线",
                "state": "resolved"
            },
            {
                "name": "列表",
                "class": "List",
                "bug": "容器长度错误,无法根据内容适应长度，也无法实现无滚动条滑动",
                "state": "resolved"
            },
            {
                "name": "按钮",
                "class": "Button",
                "bug": "没有hover响应",
                "state": "resolved"
            },
            {
                "name": "弹出框",
                "class": "PopBar",
                "bug": "点击事件过程过长",
                "state": "resolved"
            },
            {
                "name": "导航栏",
                "class": "NavBar",
                "bug": "默认颜色不是白色",
                "state": "resolved"
            },
            {
                "name": "轮播框",
                "class": "slideFrame",
                "bug": "Left,Right挡住页面内容，影响正常使用",
                "state": "resolved"
            }
        ],
        "v1.200": 
        [
            {
                "name": "通知栏",
                "class": "NotifyBar",
                "bug": "默认拥有了阴影",
                "state": "resolved"
            },
            {
                "name": "导航栏",
                "class": "NavBar",
                "bug": "默认拥有了阴影",
                "state": "resolved"
            },
            {
                "name": "列表",
                "class": "List",
                "bug": "容器没有设置定位，导致包含的列表以绝对位置表现尺寸",
                "state": "resolved"
            },
            {
                "name": "通知栏",
                "class": "NotifyBar",
                "bug": "白条开头不好看",
                "state": "resolved"
            },
            {
                "name": "标题栏",
                "class": "TitleBar",
                "bug": "可添加新元素",
                "state": "resolved"
            },
            {
                "name": "导航栏",
                "class": "NavBar",
                "bug": "移动端选项大小不可变",
                "state": "resolved"
            },
            {
                "name": "列表",
                "class": "List",
                "bug": "默认样式诡异",
                "state": "resolved"
            },
            {
                "name": "通知栏",
                "class": "NotifyBar",
                "bug": "字体边距过大",
                "state": "resolved"
            },
            {
                "name": "通知栏",
                "class": "NotifyBar",
                "bug": "Successful 颜色没有张力",
                "state": "resolved"
            },
            {
                "name": "通知栏",
                "class": "NotifyBar",
                "bug": "原始颜色过于鲜艳",
                "state": "resolved"
            },
            {
                "name": "Button",
                "class": "NotifyBar",
                "bug": "原始颜色过于鲜艳",
                "state": "resolved"
            },
            {
                "name": "列表 树",
                "class": "List LTree",
                "bug": "自定义边距不可用",
                "state": "resolved"
            },
            {
                "name": "列表 树",
                "class": "List LTree",
                "bug": "无法自定义最大高度",
                "state": "resolved"
            },
            {
                "name": "导航栏",
                "class": "NavBar",
                "bug": "Option无法自定义长度",
                "state": "resolved"
            },
            {
                "name": "导航栏",
                "class": "NavBar",
                "bug": "样式不生效",
                "state": "resolved"
            },
            {
                "name": "文字框",
                "class": "TextFrame",
                "bug": "可添加新元素",
                "state": "unresolved"
            }
        ],
        "v1.300": 
        [
            {
                "name": "列表容器风格",
                "class": "List LiContainer",
                "bug": "List最大长度不是LiContainer的长度",
                "state": "unresolved"
            }
        ]
    }
]